link;model;waist;weight;hips;bust;height;attractive
http://www.maxmodels.pl/modelka-neeesti.html;Neeesti;57;40;82;75;145;1
http://www.maxmodels.pl/modelka-anetten.html;anetten;63;47;80;80;154;1
http://www.maxmodels.pl/modelka-nsgela.html;nsgela;85;60;90;90;150;0
http://www.maxmodels.pl/modelka-inspiireme1.html;inspiireme1;70;48;80;75;166;0
http://www.maxmodels.pl/modelka-darahati_91.html;Darahati_91;82;75;103;90;183;0
http://www.maxmodels.pl/modelka-amy92.html;Amy92;62;46;83;80;154;1
http://www.maxmodels.pl/modelka-oliwia_24.html;Oliwia_24;65;45;86;84;154;1
http://www.maxmodels.pl/modelka-paulinkaa1.html;Paulinkaa1;58;46;85;77;155;0
http://www.maxmodels.pl/modelka-m4rtysi4.html;m4rtysi4;65;44;80;87;155;0
http://www.maxmodels.pl/modelka-alezandra94.html;Alezandra94;60;43;88;90;155;1
http://www.maxmodels.pl/modelka-karolinadamowicz.html;karolinadamowicz;66;43;80;75;156;0
http://www.maxmodels.pl/modelka-kejt3.html;kejt3;66;45;86;78;156;1
http://www.maxmodels.pl/modelka-julka17042001.html;Julka17042001;68;44;82;77;157;0
http://www.maxmodels.pl/modelka-firewalkwithme.html;FireWalkWithMe;61;49;87;88;157;0
http://www.maxmodels.pl/modelka-asiafal93.html;asiafal93;63;47;80;77;158;1
http://www.maxmodels.pl/modelka-gniewatra.html;Gniewatra;73;60;100;85;158;0
http://www.maxmodels.pl/modelka-martynkka78.html;Martynkka78;72;55;87;88;158;1
http://www.maxmodels.pl/modelka-g_u_c_i_a.html;G_U_C_I_A;65;52;93;90;158;1
http://www.maxmodels.pl/modelka-adziaadudek.html;adziaadudek;56;41;80;78;159;1
http://www.maxmodels.pl/modelka-karolinka00.html;karolinka00;60;42;80;75;160;1
http://www.maxmodels.pl/modelka-karolciakaro.html;karolciakaro;76;51;86;75;160;1
http://www.maxmodels.pl/modelka-madamgrysell.html;madamgrysell;55;47;80;76;160;1
http://www.maxmodels.pl/modelka-martynagogolkiewicz.html;MartynaGogolkiewicz;67;48;92;76;160;1
http://www.maxmodels.pl/modelka-vvbazaar.html;vvbazaar;59;43;80;78;160;1
http://www.maxmodels.pl/modelka-ritalli.html;Ritalli;69;50;82;81;160;1
http://www.maxmodels.pl/modelka-evelynmool.html;Evelynmool;68;41;80;82;160;1
http://www.maxmodels.pl/modelka-regine.html;Regine;71;53;90;85;160;0
http://www.maxmodels.pl/modelka-agnessssss.html;agnessssss;65;50;89;86;160;0
http://www.maxmodels.pl/modelka-natchnieniebuki.html;Natchnieniebuki;68;53;85;87;160;0
http://www.maxmodels.pl/modelka-amelson.html;Amelson;66;45;80;88;160;0
http://www.maxmodels.pl/modelka-nataliakoszeluk.html;nataliakoszeluk;63;47;83;88;160;0
http://www.maxmodels.pl/modelka-berenika_nienadowska.html;berenika_nienadowska;61;50;88;88;160;1
http://www.maxmodels.pl/modelka-xbetinka.html;xBetinka;61;46;89;88;160;1
http://www.maxmodels.pl/modelka-kometa_mote.html;Kometa_mote;70;50;90;88;160;1
http://www.maxmodels.pl/modelka-laila_.html;Laila_;72;58;92;88;160;1
http://www.maxmodels.pl/modelka-misia_m.html;misia_m;60;53;94;90;160;1
http://www.maxmodels.pl/modelka-amitiel89.html;Amitiel89;70;65;105;95;160;0
http://www.maxmodels.pl/modelka-dominikak1.html;dominikak1;60;45;82;80;161;1
http://www.maxmodels.pl/modelka-jagodziana22.html;Jagodziana22;63;51;84;80;161;1
http://www.maxmodels.pl/modelka-masza_.html;Masza_;68;49;82;88;161;1
http://www.maxmodels.pl/modelka-yanettaa.html;yanettaa;70;56;88;90;161;0
http://www.maxmodels.pl/modelka-swagbitchmeow.html;SwagBitchMeow;77;60;90;90;161;0
http://www.maxmodels.pl/modelka-olgalaura.html;olgalaura;63;45;83;75;162;1
http://www.maxmodels.pl/modelka-thebugs.html;thebugs;64;47;84;75;162;1
http://www.maxmodels.pl/modelka-hopess.html;hopess;65;51;84;80;162;0
http://www.maxmodels.pl/modelka-caira.html;caira;60;48;86;82;162;0
http://www.maxmodels.pl/modelka-angie18.html;angie18;62;43;87;82;162;0
http://www.maxmodels.pl/modelka-stelmach.html;stelmach;65;48;80;83;162;1
http://www.maxmodels.pl/modelka-anagel899.html;ANAGEL899;82;54;92;85;162;1
http://www.maxmodels.pl/modelka-heylis_w.html;Heylis_W;61;50;90;89;162;1
http://www.maxmodels.pl/modelka-paula__27.html;Paula__27;73;50;90;90;162;0
http://www.maxmodels.pl/modelka-maszunia.html;maszunia;64;50;92;90;162;0
http://www.maxmodels.pl/modelka-rina20.html;rina20;84;65;104;102;162;0
http://www.maxmodels.pl/modelka-martysiaxd.html;MarTysiaxD;65;48;92;81;163;0
http://www.maxmodels.pl/modelka-mika4117911.html;mika4117911;62;48;80;84;163;0
http://www.maxmodels.pl/modelka-klaudia017.html;klaudia017;57;44;86;84;163;1
http://www.maxmodels.pl/modelka-ggiirraaffee.html;ggiirraaffee;70;50;80;85;163;1
http://www.maxmodels.pl/modelka-malina696.html;malina696;64;50;90;85;163;0
http://www.maxmodels.pl/modelka-mercedes95.html;Mercedes95;68;52;92;87;163;1
http://www.maxmodels.pl/modelka-goldi93.html;goldi93;68;50;88;88;163;0
http://www.maxmodels.pl/modelka-alexxxaaadraaa.html;alexxxaaadraaa;71;61;90;90;163;1
http://www.maxmodels.pl/modelka-annalikeys.html;annalikeys;65;55;93;90;163;1
http://www.maxmodels.pl/modelka-diak13.html;DiaK13;65;53;92;98;163;1
http://www.maxmodels.pl/modelka-ola0305.html;Ola0305;65;54;80;75;164;0
http://www.maxmodels.pl/modelka-kolorowakasia.html;kolorowakasia;78;50;85;75;164;0
http://www.maxmodels.pl/modelka-jamie.html;Jamie;67;51;83;76;164;0
http://www.maxmodels.pl/modelka-alexsanowak.html;alexsanowak;56;46;85;76;164;1
http://www.maxmodels.pl/modelka-monisia1994.html;monisia1994;67;48;87;80;164;0
http://www.maxmodels.pl/modelka-uryciowa.html;uryciowa;61;53;80;81;164;0
http://www.maxmodels.pl/modelka-roxy91.html;Roxy91;65;49;83;83;164;1
http://www.maxmodels.pl/modelka-palinazet.html;PalinaZet;77;58;102;95;164;0
http://www.maxmodels.pl/modelka-sandrinyyyy12322.html;sandrinyyyy12322;60;49;83;75;165;1
http://www.maxmodels.pl/modelka-pusz-karolina.html;pusz-karolina;70;57;95;75;165;1
http://www.maxmodels.pl/modelka-aalexandre.html;aalexandre;80;67;97;75;165;0
http://www.maxmodels.pl/modelka-martandw18.html;MartaNdw18;69;47;80;79;165;1
http://www.maxmodels.pl/modelka-feniks23.html;Feniks23;75;55;87;80;165;0
http://www.maxmodels.pl/modelka-allusiq.html;Allusiq;60;50;90;80;165;1
http://www.maxmodels.pl/modelka-hejanka.html;hejanka;67;49;80;81;165;1
http://www.maxmodels.pl/modelka-julietandnoromeo.html;JulietandnoRomeo;60;48;82;82;165;0
http://www.maxmodels.pl/modelka-inga007.html;Inga007;68;51;81;84;165;1
http://www.maxmodels.pl/modelka-caterina88.html;Caterina88;66;50;90;84;165;0
http://www.maxmodels.pl/modelka-varsola.html;varsola;60;50;90;85;165;1
http://www.maxmodels.pl/modelka-olysinka.html;Olysinka;65;50;90;85;165;1
http://www.maxmodels.pl/modelka-weronikagrzybowska.html;weronikagrzybowska;70;53;93;88;165;1
http://www.maxmodels.pl/modelka-kimmi.html;Kimmi;64;50;89;89;165;1
http://www.maxmodels.pl/modelka-_mika_.html;_mika_;71;55;84;90;165;1
http://www.maxmodels.pl/modelka-karolinakurzacz.html;karolinakurzacz;67;57;86;90;165;0
http://www.maxmodels.pl/modelka-angelika1258.html;angelika1258;70;55;90;90;165;0
http://www.maxmodels.pl/modelka-annajozefina.html;annajozefina;74;57;93;90;165;1
http://www.maxmodels.pl/modelka-xyuuuuup.html;Xyuuuuup;63;49;89;93;165;1
http://www.maxmodels.pl/modelka-swirl.html;swirl;76;56;94;97;165;1
http://www.maxmodels.pl/modelka-zakrapianerumem.html;zakrapianerumem;63;57;93;104;165;1
http://www.maxmodels.pl/modelka-archidea.html;Archidea;60;50;80;78;166;0
http://www.maxmodels.pl/modelka-wiktoria942.html;Wiktoria942;61;52;86;79;166;1
http://www.maxmodels.pl/modelka-darianaa.html;darianaa;68;64;89;80;166;0
http://www.maxmodels.pl/modelka-fifi_93.html;Fifi_93;70;50;90;80;166;0
http://www.maxmodels.pl/modelka-emiliazaluska.html;emiliazaluska;68;54;84;82;166;0
http://www.maxmodels.pl/modelka-94kinga.html;94kinga;64;47;90;85;166;1
http://www.maxmodels.pl/modelka-shadow333ona.html;shadow333ona;62;47;92;89;166;0
http://www.maxmodels.pl/modelka-malcat.html;malcat;65;51;90;90;166;0
http://www.maxmodels.pl/modelka-izabela1988.html;izabela1988;65;52;90;90;166;1
http://www.maxmodels.pl/modelka-annnuszka.html;Annnuszka;68;61;89;92;166;1
http://www.maxmodels.pl/modelka-ewelina_wrobel.html;ewelina_wrobel;80;71;93;96;166;0
http://www.maxmodels.pl/modelka-justyna_badura.html;justyna_badura;62;51;84;77;167;1
http://www.maxmodels.pl/modelka-natiii716.html;natiii716;60;48;80;78;167;0
http://www.maxmodels.pl/modelka-emiliajamik.html;EmiliaJamik;61;47;80;79;167;0
http://www.maxmodels.pl/modelka-ladyss42.html;LADySS42;60;48;83;80;167;1
http://www.maxmodels.pl/modelka-mini_.html;Mini_;73;56;86;80;167;1
http://www.maxmodels.pl/modelka-qeengunia.html;QeenGunia;68;53;89;84;167;0
http://www.maxmodels.pl/modelka-martynaq.html;martynaQ;61;48;90;84;167;1
http://www.maxmodels.pl/modelka-dbielaszka.html;DBielaszka;60;50;85;85;167;1
http://www.maxmodels.pl/modelka-someoneelse.html;someoneelse;60;50;88;85;167;1
http://www.maxmodels.pl/modelka-agnesska.html;agnesska;66;55;90;85;167;1
http://www.maxmodels.pl/modelka-dooti.html;dooti;66;52;83;86;167;0
http://www.maxmodels.pl/modelka-agatax17.html;agatax17;69;57;89;87;167;0
http://www.maxmodels.pl/modelka-tiziana.html;Tiziana;65;57;93;87;167;0
http://www.maxmodels.pl/modelka-d00ris.html;d00ris;68;51;95;87;167;1
http://www.maxmodels.pl/modelka-dea2000.html;Dea2000;62;43;83;91;167;1
http://www.maxmodels.pl/modelka-buunny.html;buunny;68;55;92;91;167;1
http://www.maxmodels.pl/modelka-justyska258.html;justyska258;59;52;81;75;168;1
http://www.maxmodels.pl/modelka-wu_du.html;wu_du;63;52;83;75;168;0
http://www.maxmodels.pl/modelka-lisia.html;lisia;58;42;80;80;168;0
http://www.maxmodels.pl/modelka-aleksa_p.html;Aleksa_P;60;47;85;80;168;1
http://www.maxmodels.pl/modelka-glampaula1.html;glampaula1;64;54;85;80;168;1
http://www.maxmodels.pl/modelka-slavicgirl.html;slavicgirl;60;49;91;80;168;1
http://www.maxmodels.pl/modelka-angelikawargocka.html;angelikawargocka;59;46;81;81;168;1
http://www.maxmodels.pl/modelka-sweetsweets.html;Sweetsweets;59;46;86;83;168;1
http://www.maxmodels.pl/modelka-nikabocian.html;NikaBocian;58;47;84;84;168;1
http://www.maxmodels.pl/modelka-violetatruchan.html;VioletaTruchan;64;48;84;84;168;1
http://www.maxmodels.pl/modelka-careffuly.html;careffuly;73;58;90;90;168;0
http://www.maxmodels.pl/modelka-anndziaa.html;Anndziaa;64;52;87;75;169;0
http://www.maxmodels.pl/modelka-myszka98.html;myszka98;57;52;82;76;169;0
http://www.maxmodels.pl/modelka-cocktailgirl.html;cocktailgirl;64;50;82;79;169;1
http://www.maxmodels.pl/modelka-keto.html;keto;63;52;81;82;169;0
http://www.maxmodels.pl/modelka-mikoturowska.html;mikoturowska;64;49;90;83;169;1
http://www.maxmodels.pl/modelka-as2o.html;AS2o;60;53;90;84;169;0
http://www.maxmodels.pl/modelka-eembrouille.html;eembrouille;63;52;93;87;169;1
http://www.maxmodels.pl/modelka-natala05.html;natala05;77;70;93;90;169;0
http://www.maxmodels.pl/modelka-makamida.html;makamida;72;58;99;92;169;0
http://www.maxmodels.pl/modelka-nataliaooo.html;Nataliaooo;76;64;96;94;169;0
http://www.maxmodels.pl/modelka-naomka.html;naomka;66;58;85;75;170;0
http://www.maxmodels.pl/modelka-alexis92.html;Alexis92;80;48;96;75;170;0
http://www.maxmodels.pl/modelka-malina28.html;malina28;59;47;80;77;170;0
http://www.maxmodels.pl/modelka-zebriii.html;Zebriii;63;48;83;77;170;0
http://www.maxmodels.pl/modelka-jabuszkotamy.html;jabuszkotamy;59;51;82;79;170;1
http://www.maxmodels.pl/modelka-tearsinheavenn.html;tearsinheavenn;62;50;83;80;170;1
http://www.maxmodels.pl/modelka-ewella01.html;Ewella01;65;53;90;80;170;0
http://www.maxmodels.pl/modelka-vikidark.html;VikiDark;65;53;81;81;170;1
http://www.maxmodels.pl/modelka-k-l-a-u-d-i-a.html;k-l-a-u-d-i-a;68;58;82;82;170;0
http://www.maxmodels.pl/modelka-imelda.html;imelda;62;54;88;83;170;1
http://www.maxmodels.pl/modelka-anna_kural.html;anna_kural;66;52;90;83;170;0
http://www.maxmodels.pl/modelka-fatkitty.html;fatkitty;66;49;84;84;170;0
http://www.maxmodels.pl/modelka-asiablazinska.html;AsiaBlazinska;67;56;88;84;170;1
http://www.maxmodels.pl/modelka-rocketqueen1.html;rocketqueen1;68;53;96;84;170;1
http://www.maxmodels.pl/modelka-rosso.html;rosso;66;51;83;85;170;1
http://www.maxmodels.pl/modelka-mamiko.html;Mamiko;56;49;85;85;170;0
http://www.maxmodels.pl/modelka-xmarch19.html;xmarch19;70;54;89;85;170;1
http://www.maxmodels.pl/modelka-yell_ow.html;Yell_ow;60;50;90;85;170;0
http://www.maxmodels.pl/modelka-justine86.html;Justine86;70;60;90;85;170;0
http://www.maxmodels.pl/modelka-ginaruu.html;ginaruu;68;55;89;88;170;1
http://www.maxmodels.pl/modelka-madzialenkaczarna.html;MadziaLenkaCzarna;70;58;89;88;170;0
http://www.maxmodels.pl/modelka-zofka95.html;Zofka95;66;51;91;88;170;0
http://www.maxmodels.pl/modelka-nadia27.html;Nadia27;62;57;92;88;170;1
http://www.maxmodels.pl/modelka-sniegulina.html;Sniegulina;66;58;93;88;170;1
http://www.maxmodels.pl/modelka-sylwiashilla.html;SylwiaShilla;61;49;86;89;170;0
http://www.maxmodels.pl/modelka-night02.html;night02;59;48;90;90;170;0
http://www.maxmodels.pl/modelka-klaudia1306.html;Klaudia1306;69;61;90;90;170;1
http://www.maxmodels.pl/modelka-patiroma90.html;patiroma90;75;60;98;90;170;1
http://www.maxmodels.pl/modelka-pamela0.html;Pamela0;67;55;90;92;170;0
http://www.maxmodels.pl/modelka-arwena20.html;Arwena20;62;54;91;92;170;1
http://www.maxmodels.pl/modelka-wika19.html;Wika19;75;58;80;75;171;0
http://www.maxmodels.pl/modelka-deryaaoneteu.html;deryaaoneteu;61;50;90;80;171;0
http://www.maxmodels.pl/modelka-magdamatusz.html;magdamatusz;63;54;88;86;171;1
http://www.maxmodels.pl/modelka-usillymoron.html;usillymoron;64;54;88;88;171;1
http://www.maxmodels.pl/modelka-aniaarellano.html;AniaArellano;80;55;95;96;171;0
http://www.maxmodels.pl/modelka-hotosiemnascie.html;hotosiemnascie;60;58;84;75;172;1
http://www.maxmodels.pl/modelka-doe.html;doe;60;48;96;78;172;1
http://www.maxmodels.pl/modelka-jabluszko.html;jabluszko;62;57;89;86;172;0
http://www.maxmodels.pl/modelka-redmodel.html;Redmodel;60;54;90;86;172;0
http://www.maxmodels.pl/modelka-monaa_w.html;monaa_w;72;58;94;88;172;0
http://www.maxmodels.pl/modelka-patullka.html;Patullka;62;54;91;89;172;0
http://www.maxmodels.pl/modelka-poolishgirl.html;poolishgirl;68;62;97;90;172;1
http://www.maxmodels.pl/modelka-kalwinia.html;Kalwinia;70;55;92;92;172;0
http://www.maxmodels.pl/modelka-marta_kos.html;marta_kos;83;72;88;104;172;0
http://www.maxmodels.pl/modelka-slodkanajslodszaja1998.html;SlodkaNajslodszaJa1998;70;54;83;75;173;0
http://www.maxmodels.pl/modelka-realna_pozytywka.html;Realna_Pozytywka;72;51;90;75;173;0
http://www.maxmodels.pl/modelka-clotheshangerr.html;clotheshangerr;57;46;86;76;173;0
http://www.maxmodels.pl/modelka-azawiszewska.html;azawiszewska;56;47;83;77;173;1
http://www.maxmodels.pl/modelka-blossomchick.html;BlossomChick;64;53;90;82;173;0
http://www.maxmodels.pl/modelka-ooolga.html;ooolga;62;51;86;83;173;0
http://www.maxmodels.pl/modelka-kamilagy.html;kamilagy;67;53;92;84;173;0
http://www.maxmodels.pl/modelka-creativechocolate.html;CreativeChocolate;65;57;81;85;173;0
http://www.maxmodels.pl/modelka-maggietarczi.html;maggietarczi;66;52;85;85;173;1
http://www.maxmodels.pl/modelka-chaston.html;Chaston;71;60;91;85;173;0
http://www.maxmodels.pl/modelka-magdajaskolka.html;magdajaskolka;57;54;87;86;173;1
http://www.maxmodels.pl/modelka-trzy-bit20.html;trzy-bit20;63;55;88;88;173;1
http://www.maxmodels.pl/modelka-dea08.html;dea08;69;59;89;88;173;0
http://www.maxmodels.pl/modelka-silver_shine.html;silver_shine;73;61;85;92;173;1
http://www.maxmodels.pl/modelka-blludera.html;Blludera;62;53;90;93;173;1
http://www.maxmodels.pl/modelka-chetnadosesji.html;Chetnadosesji;64;51;80;75;174;1
http://www.maxmodels.pl/modelka-gabrielaadriannaorchowska.html;GabrielaAdriannaOrchowska;61;45;86;75;174;0
http://www.maxmodels.pl/modelka-wioletachajecka.html;WioletaChajecka;68;53;85;77;174;1
http://www.maxmodels.pl/modelka-milkyameow.html;milkyameow;55;49;80;80;174;0
http://www.maxmodels.pl/modelka-crives03.html;crives03;64;57;90;80;174;1
http://www.maxmodels.pl/modelka-kajaasen.html;kajaasen;65;51;87;82;174;0
http://www.maxmodels.pl/modelka-claudia2895.html;claudia2895;66;53;90;82;174;1
http://www.maxmodels.pl/modelka-ilona_podorska.html;ilona_podorska;66;56;91;82;174;1
http://www.maxmodels.pl/modelka-dernieredanse.html;dernieredanse;63;56;90;84;174;1
http://www.maxmodels.pl/modelka-monika43511.html;monika43511;63;55;93;84;174;1
http://www.maxmodels.pl/modelka-karolatee.html;karolatee;56;59;94;86;174;0
http://www.maxmodels.pl/modelka-margaret11.html;margaret11;64;56;90;87;174;1
http://www.maxmodels.pl/modelka-cherryandwhisky.html;cherryandwhisky;72;61;88;88;174;0
http://www.maxmodels.pl/modelka-lagertha.html;lagertha;60;52;89;88;174;1
http://www.maxmodels.pl/modelka-gosixa3.html;GosiXa3;74;60;95;88;174;1
http://www.maxmodels.pl/modelka-kingazabielska.html;KingaZabielska;65;53;94;89;174;1
http://www.maxmodels.pl/modelka-natusiaa16.html;natusiaa16;74;64;87;90;174;0
http://www.maxmodels.pl/modelka-mathilde8.html;Mathilde8;70;59;90;90;174;1
http://www.maxmodels.pl/modelka-maryx.html;Maryx;68;65;95;90;174;0
http://www.maxmodels.pl/modelka-patryycja18.html;Patryycja18;78;67;94;95;174;0
http://www.maxmodels.pl/modelka-sugar-ek.html;Sugar-ek;64;54;90;75;175;0
http://www.maxmodels.pl/modelka-skinnyheart.html;skinnyheart;63;58;89;76;175;0
http://www.maxmodels.pl/modelka-o-veronica.html;o-veronica;62;52;82;79;175;1
http://www.maxmodels.pl/modelka-debii.html;debii;62;55;87;79;175;1
http://www.maxmodels.pl/modelka-dominika0ford.html;dominika0ford;61;53;82;84;175;1
http://www.maxmodels.pl/modelka-szahirabi.html;SzahiraBi;63;54;87;85;175;1
http://www.maxmodels.pl/modelka-szmajdzinskaweronika.html;szmajdzinskaweronika;61;52;89;85;175;1
http://www.maxmodels.pl/modelka-claaudynkaa.html;claaudynkaa;65;53;95;85;175;0
http://www.maxmodels.pl/modelka-Dayan.html;Dayan;64;53;90;88;175;0
http://www.maxmodels.pl/modelka-sasha1.html;sasha1;58;55;88;90;175;1
http://www.maxmodels.pl/modelka-katie1992.html;Katie1992;63;55;90;90;175;0
http://www.maxmodels.pl/modelka-kiimii.html;Kiimii;70;68;93;90;175;1
http://www.maxmodels.pl/modelka-kate900rr.html;kate900rr;74;60;95;90;175;0
http://www.maxmodels.pl/modelka-ncatttt.html;ncatttt;72;58;89;92;175;1
http://www.maxmodels.pl/modelka-aziaa.html;AZIAA;68;62;98;92;175;1
http://www.maxmodels.pl/modelka-alexandra14.html;Alexandra14;69;62;92;93;175;0
http://www.maxmodels.pl/modelka-iwonka1010.html;iwonka1010;69;64;92;94;175;1
http://www.maxmodels.pl/modelka-paulinakocot.html;paulinakocot;65;64;92;97;175;1
http://www.maxmodels.pl/modelka-carla24.html;Carla24;66;61;96;98;175;0
http://www.maxmodels.pl/modelka-charrlotte.html;Charrlotte;69;60;90;90;176;0
http://www.maxmodels.pl/modelka-leaa.html;Leaa;76;76;105;102;176;0
http://www.maxmodels.pl/modelka-klaudia-diana_pl.html;klaudia-diana_pl;59;50;84;82;177;0
http://www.maxmodels.pl/modelka-zusa.html;zusa;60;52;88;85;177;0
http://www.maxmodels.pl/modelka-_paulynka.html;_paulynka;68;57;86;87;177;1
http://www.maxmodels.pl/modelka-linayurchi.html;linayurchi;64;63;93;89;177;0
http://www.maxmodels.pl/modelka-labelladonna.html;labelladonna;65;60;92;84;178;0
http://www.maxmodels.pl/modelka-alya_astaroth.html;Alya_Astaroth;62;55;89;85;178;0
http://www.maxmodels.pl/modelka-thaya.html;Thaya;65;68;93;93;178;0
http://www.maxmodels.pl/modelka-chudini.html;Chudini;70;63;90;96;178;0
http://www.maxmodels.pl/modelka-andzelaaaa.html;Andzelaaaa;72;70;90;80;179;1
http://www.maxmodels.pl/modelka-camillle.html;Camillle;58;50;88;82;179;1
http://www.maxmodels.pl/modelka-klaj.html;Klaj;64;59;90;82;179;0
http://www.maxmodels.pl/modelka-goldina.html;goldina;68;58;92;85;179;1
http://www.maxmodels.pl/modelka-naaoomi95.html;naaoomi95;65;58;90;87;179;1
http://www.maxmodels.pl/modelka-aleksandrakiera.html;AleksandraKiera;67;59;96;88;179;0
http://www.maxmodels.pl/modelka-lenaa95.html;Lenaa95;69;60;90;89;179;1
http://www.maxmodels.pl/modelka-inaina.html;inaina;62;60;88;91;179;0
http://www.maxmodels.pl/modelka-kasiadra.html;kasiadra;64;63;90;93;179;1
http://www.maxmodels.pl/modelka-kasienka33.html;kasienka33;72;65;86;85;180;0
http://www.maxmodels.pl/modelka-bialykruk.html;BialyKruk;68;60;94;90;180;0
http://www.maxmodels.pl/modelka-natka-gd.html;natka-gd;60;50;89;86;174;1
